{"providers":[{"type":"bitmap","file":"gui/ui/space.png","ascent":-32768,"height":-3,"chars":[""]},{"type":"bitmap","file":"gui/ui/staff.png","ascent":8,"height":8,"chars":[""]},{"type":"bitmap","file":"gui/ui/helper.png","ascent":8,"height":8,"chars":[""]},{"type":"bitmap","file":"gui/ui/curator.png","ascent":8,"height":8,"chars":[""]},{"type":"bitmap","file":"gui/ui/specialist.png","ascent":8,"height":8,"chars":[""]},{"type":"bitmap","file":"gui/ui/builder.png","ascent":8,"height":8,"chars":[""]},{"type":"bitmap","file":"gui/ui/b_3.png","ascent":8,"height":8,"chars":[""]},{"type":"bitmap","file":"gui/ui/b_2.png","ascent":8,"height":8,"chars":[""]},{"type":"bitmap","file":"gui/ui/b_1.png","ascent":8,"height":8,"chars":[""]},{"type":"bitmap","file":"gui/ui/visitor_plus.png","ascent":8,"height":8,"chars":[""]},{"type":"bitmap","file":"gui/ui/visitor.png","ascent":8,"height":8,"chars":[""]},{"type":"bitmap","file":"gui/ui/s_2.png","ascent":8,"height":8,"chars":[""]},{"type":"bitmap","file":"gui/ui/s_1.png","ascent":8,"height":8,"chars":[""]},{"type":"bitmap","file":"gui/ui/trophy/voted.png","ascent":8,"height":8,"chars":[""]},{"type":"bitmap","file":"gui/ui/trophy/frog.png","ascent":8,"height":8,"chars":[""]},{"type":"bitmap","file":"gui/ui/trophy/banana.png","ascent":8,"height":8,"chars":[""]},{"type":"bitmap","file":"gui/ui/trophy/orange.png","ascent":8,"height":8,"chars":[""]},{"type":"bitmap","file":"gui/ui/discord.png","ascent":8,"height":8,"chars":[""]},{"type":"bitmap","file":"gui/ui/staffchat.png","ascent":8,"height":8,"chars":[""]},{"type":"bitmap","file":"gui/ui/msg.png","ascent":8,"height":8,"chars":[""]},{"type":"bitmap","file":"gui/ui/yt.png","ascent":8,"height":8,"chars":[""]},{"type":"bitmap","file":"gui/ui/alpine.png","ascent":8,"height":8,"chars":[""]},{"type":"bitmap","file":"gui/ui/tablist_staff.png","ascent":7,"height":8,"chars":[""]},{"type":"bitmap","file":"gui/ui/tablist_helper.png","ascent":7,"height":8,"chars":[""]},{"type":"bitmap","file":"gui/ui/tablist_curator.png","ascent":7,"height":8,"chars":[""]},{"type":"bitmap","file":"gui/ui/tablist_specialist.png","ascent":7,"height":8,"chars":[""]},{"type":"bitmap","file":"gui/ui/tablist_builder.png","ascent":7,"height":8,"chars":[""]},{"type":"bitmap","file":"gui/ui/tablist_visitor.png","ascent":7,"height":8,"chars":[""]},{"type":"bitmap","file":"gui/ui/tablist_afk.png","ascent":7,"height":8,"chars":[""]},{"type":"bitmap","file":"gui/ui/afk.png","ascent":7,"height":8,"chars":[""]},{"type":"bitmap","file":"gui/ui/staff2.png","ascent":8,"height":8,"chars":[""]},{"type":"bitmap","file":"gui/ui/cc.png","ascent":8,"height":8,"chars":[""]}
,{"type":"bitmap","file":"gui/ui/trophy/monke.png","ascent":8,"height":8,"chars":[""]}
,{"type":"bitmap","file":"gui/ui/trophy/piggy.png","ascent":8,"height":8,"chars":[""]}
,{"type":"bitmap","file":"gui/ui/emoji/alien.png","ascent":8,"height":8,"chars":[""]}
,{"type":"bitmap","file":"gui/ui/emoji/angry.png","ascent":8,"height":8,"chars":[""]}
,{"type":"bitmap","file":"gui/ui/emoji/barf.png","ascent":8,"height":8,"chars":[""]}
,{"type":"bitmap","file":"gui/ui/emoji/blank_eyes.png","ascent":8,"height":8,"chars":[""]}
,{"type":"bitmap","file":"gui/ui/emoji/blep.png","ascent":8,"height":8,"chars":[""]}
,{"type":"bitmap","file":"gui/ui/emoji/blush.png","ascent":8,"height":8,"chars":[""]}
,{"type":"bitmap","file":"gui/ui/emoji/cat.png","ascent":8,"height":8,"chars":[""]}
,{"type":"bitmap","file":"gui/ui/emoji/clown.png","ascent":8,"height":8,"chars":[""]}
,{"type":"bitmap","file":"gui/ui/emoji/confounded.png","ascent":8,"height":8,"chars":[""]}
,{"type":"bitmap","file":"gui/ui/emoji/cool.png","ascent":8,"height":8,"chars":[""]}
,{"type":"bitmap","file":"gui/ui/emoji/cowboy.png","ascent":8,"height":8,"chars":[""]}
,{"type":"bitmap","file":"gui/ui/emoji/crown.png","ascent":8,"height":8,"chars":[""]}
,{"type":"bitmap","file":"gui/ui/emoji/destroyed.png","ascent":8,"height":8,"chars":[""]}
,{"type":"bitmap","file":"gui/ui/emoji/evil.png","ascent":8,"height":8,"chars":[""]}
,{"type":"bitmap","file":"gui/ui/emoji/eye.png","ascent":8,"height":8,"chars":[""]}
,{"type":"bitmap","file":"gui/ui/emoji/eyes.png","ascent":8,"height":8,"chars":[""]}
,{"type":"bitmap","file":"gui/ui/emoji/flushed.png","ascent":8,"height":8,"chars":[""]}
,{"type":"bitmap","file":"gui/ui/emoji/frown.png","ascent":8,"height":8,"chars":[""]}
,{"type":"bitmap","file":"gui/ui/emoji/heart.png","ascent":8,"height":8,"chars":[""]}
,{"type":"bitmap","file":"gui/ui/emoji/heart_eyes.png","ascent":8,"height":8,"chars":[""]}
,{"type":"bitmap","file":"gui/ui/emoji/heartbroken.png","ascent":8,"height":8,"chars":[""]}
,{"type":"bitmap","file":"gui/ui/emoji/hearty.png","ascent":8,"height":8,"chars":[""]}
,{"type":"bitmap","file":"gui/ui/emoji/lips.png","ascent":8,"height":8,"chars":[""]}
,{"type":"bitmap","file":"gui/ui/emoji/mindblown.png","ascent":8,"height":8,"chars":[""]}
,{"type":"bitmap","file":"gui/ui/emoji/nerd.png","ascent":8,"height":8,"chars":[""]}
,{"type":"bitmap","file":"gui/ui/emoji/neutral.png","ascent":8,"height":8,"chars":[""]}
,{"type":"bitmap","file":"gui/ui/emoji/party.png","ascent":8,"height":8,"chars":[""]}
,{"type":"bitmap","file":"gui/ui/emoji/paw.png","ascent":8,"height":8,"chars":[""]}
,{"type":"bitmap","file":"gui/ui/emoji/pensive.png","ascent":8,"height":8,"chars":[""]}
,{"type":"bitmap","file":"gui/ui/emoji/pleading.png","ascent":8,"height":8,"chars":[""]}
,{"type":"bitmap","file":"gui/ui/emoji/pray.png","ascent":8,"height":8,"chars":[""]}
,{"type":"bitmap","file":"gui/ui/emoji/raised_eyebrow.png","ascent":8,"height":8,"chars":[""]}
,{"type":"bitmap","file":"gui/ui/emoji/skull.png","ascent":8,"height":8,"chars":[""]}
,{"type":"bitmap","file":"gui/ui/emoji/smiley.png","ascent":8,"height":8,"chars":[""]}
,{"type":"bitmap","file":"gui/ui/emoji/smirk.png","ascent":8,"height":8,"chars":[""]}
,{"type":"bitmap","file":"gui/ui/emoji/sob.png","ascent":8,"height":8,"chars":[""]}
,{"type":"bitmap","file":"gui/ui/emoji/sparkles.png","ascent":8,"height":8,"chars":[""]}
,{"type":"bitmap","file":"gui/ui/emoji/sparkly_heart.png","ascent":8,"height":8,"chars":[""]}
,{"type":"bitmap","file":"gui/ui/emoji/star.png","ascent":8,"height":8,"chars":[""]}
,{"type":"bitmap","file":"gui/ui/emoji/surprised.png","ascent":8,"height":8,"chars":[""]}
,{"type":"bitmap","file":"gui/ui/emoji/sus.png","ascent":8,"height":8,"chars":[""]}
,{"type":"bitmap","file":"gui/ui/emoji/tear.png","ascent":8,"height":8,"chars":[""]}
,{"type":"bitmap","file":"gui/ui/emoji/tearful.png","ascent":8,"height":8,"chars":[""]}
,{"type":"bitmap","file":"gui/ui/emoji/thumbsdown.png","ascent":8,"height":8,"chars":[""]}
,{"type":"bitmap","file":"gui/ui/emoji/thumbsup.png","ascent":8,"height":8,"chars":[""]}
,{"type":"bitmap","file":"gui/ui/emoji/trollface.png","ascent":8,"height":8,"chars":[""]}
,{"type":"bitmap","file":"gui/ui/emoji/wave.png","ascent":8,"height":8,"chars":[""]}
,{"type":"bitmap","file":"gui/ui/emoji/f.png","ascent":8,"height":8,"chars":[""]}
,{"type":"bitmap","file":"gui/ui/emoji/wink.png","ascent":8,"height":8,"chars":[""]}
,{"type":"bitmap","file":"gui/ui/ping.png","ascent":8,"height":8,"chars":[""]}
,{"type":"bitmap","file":"gui/ui/globe.png","ascent":8,"height":8,"chars":[""]}
,{"type":"bitmap","file":"gui/ui/map_marker.png","ascent":8,"height":8,"chars":[""]}
,{"type":"bitmap","file":"gui/ui/emoji/zany.png","ascent":8,"height":8,"chars":[""]}]} 