{"providers":[{"type":"bitmap","file":"gui/ui/space.png","ascent":-32768,"height":-3,"chars":[""]},{"type":"bitmap","file":"gui/ui/staff.png","ascent":8,"height":8,"chars":[""]},{"type":"bitmap","file":"gui/ui/helper.png","ascent":8,"height":8,"chars":[""]},{"type":"bitmap","file":"gui/ui/curator.png","ascent":8,"height":8,"chars":[""]},{"type":"bitmap","file":"gui/ui/specialist.png","ascent":8,"height":8,"chars":[""]},{"type":"bitmap","file":"gui/ui/builder.png","ascent":8,"height":8,"chars":[""]},{"type":"bitmap","file":"gui/ui/b_3.png","ascent":8,"height":8,"chars":[""]},{"type":"bitmap","file":"gui/ui/b_2.png","ascent":8,"height":8,"chars":[""]},{"type":"bitmap","file":"gui/ui/b_1.png","ascent":8,"height":8,"chars":[""]},{"type":"bitmap","file":"gui/ui/visitor_plus.png","ascent":8,"height":8,"chars":[""]},{"type":"bitmap","file":"gui/ui/visitor.png","ascent":8,"height":8,"chars":[""]},{"type":"bitmap","file":"gui/ui/s_2.png","ascent":8,"height":8,"chars":[""]},{"type":"bitmap","file":"gui/ui/s_1.png","ascent":8,"height":8,"chars":[""]},{"type":"bitmap","file":"gui/ui/voted.png","ascent":8,"height":8,"chars":[""]},{"type":"bitmap","file":"gui/ui/frog.png","ascent":8,"height":8,"chars":[""]},{"type":"bitmap","file":"gui/ui/banana.png","ascent":8,"height":8,"chars":[""]},{"type":"bitmap","file":"gui/ui/orange.png","ascent":8,"height":8,"chars":[""]},{"type":"bitmap","file":"gui/ui/admin.png","ascent":8,"height":8,"chars":[""]}]} 