{"providers":[{"type":"bitmap","file":"gui/ui/space.png","ascent":-32768,"height":-3,"chars":[""]},{"type":"bitmap","file":"gui/ui/staff.png","ascent":8,"height":8,"chars":[""]},{"type":"bitmap","file":"gui/ui/helper.png","ascent":8,"height":8,"chars":[""]},{"type":"bitmap","file":"gui/ui/curator.png","ascent":8,"height":8,"chars":[""]},{"type":"bitmap","file":"gui/ui/specialist.png","ascent":8,"height":8,"chars":[""]},{"type":"bitmap","file":"gui/ui/builder.png","ascent":8,"height":8,"chars":[""]},{"type":"bitmap","file":"gui/ui/b_3.png","ascent":8,"height":8,"chars":[""]},{"type":"bitmap","file":"gui/ui/b_2.png","ascent":8,"height":8,"chars":[""]},{"type":"bitmap","file":"gui/ui/b_1.png","ascent":8,"height":8,"chars":[""]},{"type":"bitmap","file":"gui/ui/visitor_plus.png","ascent":8,"height":8,"chars":[""]},{"type":"bitmap","file":"gui/ui/visitor.png","ascent":8,"height":8,"chars":[""]},{"type":"bitmap","file":"gui/ui/s_2.png","ascent":8,"height":8,"chars":[""]},{"type":"bitmap","file":"gui/ui/s_1.png","ascent":8,"height":8,"chars":[""]},{"type":"bitmap","file":"gui/ui/voted.png","ascent":8,"height":8,"chars":[""]},{"type":"bitmap","file":"gui/ui/frog.png","ascent":8,"height":8,"chars":[""]},{"type":"bitmap","file":"gui/ui/banana.png","ascent":8,"height":8,"chars":[""]},{"type":"bitmap","file":"gui/ui/orange.png","ascent":8,"height":8,"chars":[""]},{"type":"bitmap","file":"gui/ui/admin.png","ascent":8,"height":8,"chars":[""]},{"type":"bitmap","file":"gui/ui/discord.png","ascent":8,"height":8,"chars":[""]},{"type":"bitmap","file":"gui/ui/staffchat.png","ascent":8,"height":8,"chars":[""]},{"type":"bitmap","file":"gui/ui/msg.png","ascent":8,"height":8,"chars":[""]},{"type":"bitmap","file":"gui/ui/yt.png","ascent":8,"height":8,"chars":[""]},{"type":"bitmap","file":"gui/ui/alpine.png","ascent":8,"height":8,"chars":[""]},{"type":"bitmap","file":"gui/ui/tablist_staff.png","ascent":7,"height":8,"chars":[""]},{"type":"bitmap","file":"gui/ui/tablist_helper.png","ascent":7,"height":8,"chars":[""]},{"type":"bitmap","file":"gui/ui/tablist_curator.png","ascent":7,"height":8,"chars":[""]},{"type":"bitmap","file":"gui/ui/tablist_specialist.png","ascent":7,"height":8,"chars":[""]},{"type":"bitmap","file":"gui/ui/tablist_builder.png","ascent":7,"height":8,"chars":[""]},{"type":"bitmap","file":"gui/ui/tablist_visitor.png","ascent":7,"height":8,"chars":[""]},{"type":"bitmap","file":"gui/ui/tablist_afk.png","ascent":7,"height":8,"chars":[""]},{"type":"bitmap","file":"gui/ui/afk.png","ascent":7,"height":8,"chars":[""]}]} 